1064,87935195
1064,89458301
570,73025873
807,8133400
807,22099321
807,62847142
807,94881542
807,1151534
807,9581200
807,676573
807,3842203
807,74494858
807,371593461
807,126187747
807,3461038
807,3758116
807,4928663
807,6338770
807,3133915
807,104095040
807,7163215
807,97914344
807,490726842
807,929116
807,9816723
807,88642111
807,121694194
807,906227282
807,81404800
814,78671166
814,84669395
814,93477522
814,87371673
814,137311004
814,75072795
951,64125349
951,865463
807,1182495
807,539213842
807,727924692
807,65856418
807,739870792
807,3164176
807,4117058
807,9919597
807,16685951
807,100515110
807,985486
807,93114828
807,121694182
807,1015793062
807,907864
807,3731377
807,3754400
807,13783665
807,508098212
807,492962192
807,1151545
807,15105639
807,560736442
807,92734438
807,782347592
807,1015729
807,61937355
807,85213036
807,304844
807,5592509
807,61292006
807,88895879
807,2246287
807,2464502
807,7674975
807,2310685
807,4038018
807,72717420
807,5106555
807,13783661
807,61873207
807,67629582
807,68643518
807,354703401
807,2703488
807,7155408
807,374666991
807,401526522
807,418141812
807,3658608
807,69999102
807,76049773
807,12343242
807,1141674
807,114286682
807,140718225
807,558928
807,51100051
807,89634747
807,90533149
807,111726284
807,70556181
807,72760007
807,91739154
807,365908611
807,2171508
807,3733758
807,932332772
807,3779615
807,4180396
807,75695503
807,140718229
807,552424
807,686064
807,373816871
807,569166332
807,70266756
951,136336112
807,1451712
807,4207595
807,131421268
807,457602422
807,581354422
807,1155001
807,6177415
807,92572810
807,125537280
807,680112
807,810557
807,9793214
807,286554
807,119437608
807,2659940
807,4207727
807,623024962
807,2285082
807,767888222
807,538257
807,3750324
807,235469
807,662927
807,910262
807,4311056
807,5224083
807,14495795
807,103549360
807,118596560
807,595646932
807,3766227
807,12332992
807,16467432
807,7928588
807,732326
807,94488754
807,130105294
807,3147133
807,4689913
807,13113941
807,615784812
807,11119790
807,60907055
807,935528
807,9838434
807,70206826
807,3257061
807,78062953
807,97691140
807,512665762
807,1149562
807,3778004
807,35407931
807,939444
807,2189036
807,814034
807,64848628
807,72902556
807,125539712
807,3528163
807,73682291
807,99925946
807,103171756
807,44250301
807,74494854
807,529272931
807,102712978
807,131752498
807,138623795
807,383831741
807,102522108
807,109734566
570,73025880
570,73025870
814,105804664
814,72098144
814,1036114
814,77918556
814,144210708
779,365137
216,132867466
216,897749
216,3155466
779,62165452
779,79875064
216,5317037
216,655171062
216,760429452
779,3130309
216,644480222
216,728760222
779,662959
216,3104092
216,12901240
779,2288470
216,448896352
216,468663252
216,552864
6,14769209
189,979041
537,140869461
570,15556979
1064,109704380
570,63899439
814,2749209
814,60437441
814,98549320
814,78934392
814,95828480
814,107541556
814,362297871
814,652332152
814,77380232
814,140850467
814,3118942
814,542335432
814,81263834
814,831917182
814,1184425
814,78801790
814,547159922
814,84668451
814,507843602
814,99358978
814,86660057
814,2454031
951,2238876
951,133661814
1069,2509102
570,3579013
1064,86541435
1056,739870792
612,13681567
807,1216937
807,131742460
807,533878282
807,691616612
807,10313150
807,37149951
807,393022262
807,675892452
807,4289761
807,5707840
807,71957289
807,696959052
807,3128917
807,73645560
807,6062230
807,1054364402
807,1123870
807,12097450
807,895161
807,67238730
807,120135014
807,606659
807,72760041
807,2321655
807,2538209
807,10201778
807,10236043
807,373362011
807,850585662
807,136802580
560,71129383
951,705770
68,2139647
814,79965994
814,15567237
814,78935136
814,78671164
814,79797252
814,96818170
814,76575944
895,70206826
807,14406852
807,68917073
807,72612813
807,74528874
807,416643382
807,1090633
807,2447632
807,55908101
807,75886546
807,111726276
807,467730662
807,426047942
807,851061
807,1368093
807,2148648
807,42183521
807,900834
807,5149239
807,82164194
807,86616405
807,136331668
807,2525878
807,13111704
807,90434353
807,127263031
807,3335294
807,102923238
814,796825132
814,13277560
814,75947120
814,107541550
814,75388164
814,138636805
814,7674865
814,139470659
814,75212314
814,84694347
807,3287768
807,74494863
807,697476
807,3119532
807,67238740
807,74173051
807,606611
807,896148
807,65448824
807,143026904
807,533286412
807,530655
807,105354074
807,4300259
807,382453631
807,1169216
807,16412330
807,71084121
807,78480397
807,89755731
807,95174670
807,755347622
807,17293570
807,92216462
807,1090084
807,79223833
807,107881076
807,568497472
807,922730
807,70514381
807,78232947
807,488516282
807,4952902
807,79551908
807,226580
807,132146482
807,313640
807,5105087
807,72417244
807,105731540
807,142328215
807,15417669
807,97090792
807,485607852
807,16619161
807,121694186
807,143829248
807,2310040
807,85875833
807,128337333
807,935315572
807,1974009
807,36056731
807,80105572
807,615784772
807,947339
807,1161679
807,3964780
807,71652998
807,1182701
807,69713026
807,69505551
807,675751382
807,10354516
807,65625233
807,859699
807,3155466
807,7164028
807,67238732
807,117678828
807,67306616
1056,10001947
1056,409963622
814,73262737
814,74427070
814,982678
814,72391495
814,77349251
814,355709931
814,88936755
814,536950062
814,952870
814,72314239
814,68179887
1056,3129679
5,12630133
5,75137743
5,135373124
5,566589802
5,15108127
5,480359292
5,71250008
5,558528302
5,73043585
5,84668483
5,3119126
5,17556704
5,29092611
5,105496930
5,923665702
5,3142053
5,84945265
5,25965101
5,64332453
5,3759032
5,74096984
5,74301807
5,112076884
5,715881712
5,982678
5,63500870
814,8060628
814,75212311
814,75392250
814,98584390
814,93183390
814,3117861
814,64920076
560,70561750
1064,102360936
560,73276950
807,744776
807,874669
807,7193836
807,109176426
807,5930042
807,70041281
807,74494864
807,99665104
807,63429145
807,72102171
807,64037608
807,78932945
807,581354462
807,134533176
807,14340428
807,76786518
807,89239759
807,89629797
807,1057312
807,8095320
807,58074291
807,93029868
807,6426473
807,655849082
807,2164578
807,107541556
807,117104284
807,378262391
807,627683
807,846923
807,1964886
6,132289798
6,3129775
189,120834822
807,18185457
807,88379875
807,113788304
807,3733757
807,3771402
807,7146281
807,35946891
807,445786542
807,62724015
807,505204262
807,4300240
807,2658758
807,5816387
807,122499884
807,949282
807,5639255
807,7583585
807,121694228
807,500716922
807,99135730
807,6686448
807,10058396
807,73682292
807,90214733
807,131292656
807,434192552
807,770947102
807,3607549
807,372922421
814,546130
814,72363411
814,82140238
570,73025869
570,13040252
570,73025868
393,90563089
1056,63327525
1056,666178752
951,541322
951,57987821
807,4123463
807,6719603
807,1054271
807,15780056
807,78249114
807,607484382
807,14273256
807,7193834
807,132147162
807,73218587
807,369073121
807,514943612
807,625033862
807,912184
807,3437034
807,62031186
807,350055571
807,876443
807,103608750
807,3135032
807,95475906
807,98265172
807,591097842
814,76395840
814,125970403
814,4097332
814,6075281
537,140869471
807,62270692
807,378294811
807,2203485
807,130065104
807,904263902
807,555237
807,712049182
807,3140488
807,2554563
807,539213872
807,727056322
807,141591265
807,60748897
807,603596
807,1143625
807,2453762
807,12209331
807,17332925
807,90349663
807,621314462
807,69018640
807,956330
807,10519659
807,87285741
807,60748896
5,13623353
5,67121419
5,122431394
5,84217947
5,100733050
5,104481018
5,108464212
5,4108733
5,30919421
5,629018462
1056,16684269
951,62724015
6,3106671
1069,143909208
1069,137516412
5,-628593851
5,-23640961
5,1016985522
5,71705262
5,982668
5,3583337
492,88107881
807,562764402
807,15024608
807,37149961
807,65036878
807,2568588
807,2838694
807,13211888
807,627768812
807,678044
807,13291255
807,60907048
807,121694242
807,539082112
807,63358483
807,72573853
807,142750164
807,581354452
807,65444691
807,580851082
807,414838142
807,66221591
807,94715630
807,686466102
807,1147575
807,1178334
807,56930751
807,107232258
807,107881080
807,264456
807,4111699
6,7818900
362,63459799
362,3835997
362,2162742
362,16501728
362,23316201
362,69217047
362,962165
362,3672251
362,13766137
338,63104237
1068,1569453
1068,382149061
1068,67153851
1068,70562298
1068,95938334
1068,1174158
1068,1110723
1068,82564724
393,375050181
393,414330422
895,72417244
393,398032392
895,945217
951,2466305
560,66536667
560,65487057
362,17191428
362,4193718
362,73390373
362,562764502
362,4602456
362,63083860
362,102875746
362,687491
362,83890429
362,863911
362,3126343
362,67629582
362,68535077
362,66266874
362,549957
362,2425674
362,2133626
362,128548959
362,78129603
362,71166590
362,936899
362,79621446
362,4605062
362,103446218
362,1101732
362,76159511
362,79875064
362,549924
362,3129407
560,70128163
560,72712484
5,16145440
5,30919431
5,73728217
5,142820632
5,943928002
5,110908332
492,12004477
5,91772168
362,7857220
362,14494876
362,18181530
362,16668499
362,76017988
362,69220972
362,92216462
362,72977013
362,428558022
362,447098092
362,67511878
362,869545
362,92734438
362,504911712
362,12814193
362,79424363
362,411109542
362,90726629
362,70593327
560,73087927
560,120037738
560,70640486
560,62951089
422,13749936
422,632493
422,76306486
362,3835675
362,84371039
362,505015222
362,33216111
362,5105225
362,110849274
362,128878464
553,77416714
553,99714860
553,79257259
553,858008
553,110007538
560,68018874
669,61932462
1068,67153848
436,144393668
1068,77800847
1068,2502468
1068,64848611
1068,963098
1068,59509541
5,52949931
5,134071050
5,13277562
5,2292979
5,66609426
5,65442205
5,3583335
5,1015793062
362,63103299
362,383831741
362,74264565
362,106442836
362,70834770
362,14211504
362,93717190
362,94330882
362,7818900
362,55003861
362,124262674
362,11294963
362,103870122
362,140869461
362,925829
362,3145759
362,66743917
216,564889782
216,89572373
779,723867
779,375689871
779,3614663
216,3971693
779,596015
779,13147852
216,570198662
216,8253529
216,674797282
216,1037976412
779,680518
214,88946881
214,135370776
214,78101476
214,71824678
214,75716617
214,406188092
214,2282327
214,548673
214,107346368
214,466551782
560,70266758
560,72856678
560,71407183
5,109223194
5,63459799
5,67238740
5,99925946
5,417366882
5,94901972
5,92734438
5,92615506
5,7283960
895,23144571
1069,1563064
362,3493887
362,14299589
362,4603398
362,438850292
362,737748062
362,68973362
362,139470659
362,75288922
362,99029032
362,127246869
362,75442048
362,114338794
362,112016606
362,55848051
362,392284592
362,97455424
362,113775336
895,424563032
895,79223833
1001,1436426
5,15781392
5,903698352
5,12785965
5,98445122
5,673089922
492,96463268
39,63146005
42,644899302
42,554674
42,3570745
42,6062237
42,45782731
5,71528857
5,417366892
5,773627
5,104847438
5,116778996
5,140628791
5,669742282
390,79114009
781,106095096
145,14175956
390,5402937
145,511652
390,95964488
145,62264184
390,90927869
145,3285398
390,877654
390,3732428
390,7868653
390,5420329
390,109300764
145,66773287
390,2112482
390,76010435
390,17633112
145,10284858
145,10284860
390,3067260
390,357495391
145,67776239
362,136802580
362,64848628
362,2282841
362,90250621
362,143026904
362,2312047
362,69331513
362,6545483
362,76220160
362,78098991
362,3135183
362,637312252
362,3579013
362,3135139
362,71515966
362,439603292
362,4008364
362,138421893
362,107544240
362,53061751
362,1569453
362,107544238
362,6333082
362,68116163
362,72037483
362,78282086
362,370951911
362,7781157
362,3264713
362,89458301
362,461988652
362,3759032
362,71519881
362,13797108
362,77687594
362,3155488
362,16193248
362,102560130
362,76017996
362,133165904
362,784321
362,76018166
362,725971
362,94652218
362,505204262
362,62057156
362,119302924
362,782371812
362,450365092
362,3301123
362,92233614
362,113536504
362,685246
362,571928172
362,1177883
362,69718151
362,2320089
362,9793220
362,15016444
5,669567072
5,561856742
5,2423917
5,552693
5,3135556
5,114994434
5,3650443
5,66764798
5,74123876
5,73772340
5,1097838
5,94992122
5,64309691
5,4229879
5,78135822
5,17615563
5,61503276
5,36535951
5,75137818
5,77387395
5,5664308
5,13277567
5,14245705
5,67234288
214,1173666
214,128099721
214,8773487
214,62083052
214,103481660
214,118587182
214,628331752
214,628719
214,141353203
214,12325117
214,46600691
214,133103382
214,735538152
214,3344186
214,62234912
214,396674292
214,9997012
214,143922936
214,678529462
214,13810719
214,25003771
214,2855733
214,2719418
214,615039172
214,2495485
214,2491940
214,2535353
214,7856487
214,70266759
214,13792542
214,12274773
214,12274779
214,103525496
214,761202032
553,561683
553,3437034
553,752254
553,3326321
553,107329230
553,112685708
553,12819942
214,123843704
214,800815
214,1162085
214,858025702
214,2495484
214,101833655
214,110149608
214,561894142
214,2495476
214,720617422
214,886828
214,491898322
214,769758782
362,981163302
362,1023566
362,999677
362,7045617
362,754860452
362,4109205
362,668529122
362,2232360
362,125534414
362,536485
362,93559192
362,982678
362,2953166
362,3088098
5,102671422
5,727604702
5,-23642061
5,65625233
5,16150097
5,70607399
5,125878317
5,879704072
5,784833
5,6647025
895,949408
1056,5363024
669,61932466
362,62714827
362,349718351
362,744245842
362,5835722
561,1085736
362,3122569
362,530257221
362,140869465
362,123373232
362,549918
362,15105651
362,581235412
362,10206126
362,54519731
362,354703381
362,74971680
362,94715630
362,143182544
362,453079572
362,725254
5,13692134
5,71415891
5,837753
5,1579849
5,1013263722
5,3020980
5,78573985
214,9997113
214,10114381
214,800609
214,8930351
214,375050181
214,75721784
214,551991
214,71824689
214,116873148
214,730170002
214,3119771
214,143784754
214,3463324
214,1184425
214,3507699
214,111194234
214,769758802
214,3088341
214,1117105
214,7856426
214,561856742
214,112667898
214,424536942
214,2461757
214,727577
214,863103
214,871518
214,1146286
214,2668282
214,121594866
214,129926468
214,2300786
214,7369769
214,96188632
214,5294910
214,65356224
214,126023975
214,6881849
214,118586450
553,90427391
553,7779488
553,424600042
553,95890670
1068,67153852
1068,1108303
1068,92720046
1068,80707766
1068,12565421
1068,732258
669,600881
669,61932467
669,60946207
145,63251502
390,115028120
390,7226752
145,16631694
145,67041051
390,64655203
145,68973022
390,796598
390,3164587
390,61033262
390,956330
145,67776242
390,14525086
390,17633125
785,900483122
785,626546
785,5363807
785,99408478
1068,96466138
1068,4952889
1068,73707710
1068,86616419
1068,475164212
553,440823782
1065,1086319
1065,1126287
216,974630962
216,634405112
779,366297871
216,86541433
216,463423572
779,79875054
779,2243305
216,118525312
216,797228462
779,94715776
515,5745183
515,119436440
214,61397200
214,46600711
214,368259381
214,424567642
214,1110284
214,2794646
214,115028112
214,457266442
214,532349
214,846037962
214,1144863
214,121594868
214,424536992
214,46280471
214,553752352
214,769758872
214,698274
214,1117107
214,2420755
214,13830430
214,2238997
214,424567802
214,401485502
214,142986210
214,457305422
214,531950
214,800618
214,131338266
214,574873
214,2495479
214,26754081
214,72516638
214,10328312
362,134112568
362,62033191
362,96899912
362,140421809
362,94272898
362,16281782
362,97780946
362,550288
362,67536741
362,62033190
362,845209962
362,587132
362,30143991
362,80722286
362,60020791
362,69743426
362,68097787
362,694618
362,1108184
362,6414685
362,493860542
362,70266756
362,573637
362,786778
362,630480452
561,69879250
362,14499484
362,85562352
362,393693492
362,7270171
362,699015762
214,800582
214,72417244
214,143178934
214,929557
214,540425
214,700890
214,14525086
214,549338042
214,3092940
214,392585552
214,137740111
1069,107765380
1069,132123626
1069,140399327
1069,1579481
1069,130105294
895,73949552
890,87397677
864,116816828
64,3765646
864,70266758
864,132479808
64,1884829
64,135949706
864,79257215
64,106095102
864,127452943
864,3020073
864,122450802
864,123341274
64,139968759
864,71403230
864,74287046
864,131576046
64,69810174
64,76737274
864,70079770
64,64111662
5,136889434
5,12532695
5,77849400
5,61424044
5,89862803
5,67238730
5,798382542
5,78098991
5,122406802
5,76176342
5,117678828
5,15165360
5,103549360
553,84768819
553,1015329
553,3081268
553,113411860
553,599867
1069,4708087
890,87397675
890,87397669
785,2905457
785,77725101
17,14874832
214,769758882
214,1087149
214,7856389
214,664026012
214,7371095
214,71967076
214,1048898
214,978387442
214,125333404
214,769758852
214,62119437
214,911597
214,95813354
214,110970590
214,8773483
214,17535545
214,118586438
1068,103872784
1068,70322130
1068,883648
1068,6614902
1068,75526535
1068,3155135
1068,4763165
1068,86388443
1068,103870122
1068,401393742
1068,475164192
145,67776234
390,531795
781,15024608
390,2745509
390,100511504
145,14224810
145,4952936
390,7164031
390,46307091
145,3129280
390,2168817
145,16631684
390,65434562
145,2958770
145,21726821
390,79845486
145,67973970
390,7512057
390,1169683
785,554585
785,615784782
42,632422372
42,66423318
42,479301662
42,422283392
42,843923102
42,451396072
42,74301822
42,783173382
42,889411092
42,94973468
782,122882544
782,485797052
782,64693302
782,85055640
782,145215950
782,80274648
782,87195177
782,141159061
553,3098840
553,578616
1001,61700649
390,6799869
390,13444556
390,103365090
390,48709591
145,536485
145,66609426
145,67420597
145,-18803161
781,89097061
145,3763545
785,2905439
785,75837242
979,102916630
214,29250631
214,769758862
214,5433672
214,897928
214,3463904
214,100311332
214,13499091
214,2388653
214,488743352
214,6685848
214,1072831
214,3100405
145,614058
390,97455410
390,5317121
145,7199167
145,67973986
145,3766405
390,106763066
390,3147298
1068,91147325
1068,9956014
1068,88901389
1068,89239759
1068,4210319
390,522622402
390,5608341
390,66393515
390,61424305
390,9938661
390,16220213
390,82265296
390,63717871
781,4096494
390,546763
390,3135563
214,1078057
214,84791837
214,401526502
214,97490438
214,142986206
214,392585532
214,72051908
214,682049682
214,121594904
214,523060
214,709964572
214,1160174
214,8086126
214,88152211
214,562764402
214,2522931
214,582143242
214,682049632
553,67354825
553,119716176
553,578605
553,1022889
785,939689012
785,627280
404,13539459
553,16433488
64,747608
864,89779813
864,130864292
864,60200391
864,84694347
864,113536504
64,6765993
864,121597758
864,365344
864,93717186
864,115085498
864,76838515
836,110230842
64,76737272
974,2122528
974,67704219
974,131065636
974,136729204
974,412929092
974,114396428
974,91466984
269,99077046
974,2434764
974,3424173
974,70459543
974,348788451
974,462898792
974,4928663
974,564368012
269,81072238
974,523157812
974,61146748
974,68926928
974,75886543
974,79257237
974,61397243
974,61573287
974,77968705
974,137728875
974,499765762
269,925829
269,943376
269,91987710
974,101764817
974,438850292
974,472992612
269,97914344
269,100421550
766,245794
974,2520232
974,73564979
269,15629425
269,70403437
974,583612
974,619121642
974,1575389
974,347617181
8,70991944
8,546578
8,79283915
8,411109542
246,61932460
8,749095
8,7058831
246,14932634
8,13569633
246,69562951
246,69886806
390,1161532
390,93113972
145,67776235
390,922448
390,6058141
390,3118071
390,9938264
390,512346
390,75846961
145,65593892
145,3169957
390,22354071
390,102270080
145,798899
145,36315731
145,67776237
145,67973974
1068,15177096
1068,106506512
1068,12000038
1068,7363006
1068,140421811
1068,2172867
553,424600012
553,626418
553,1140665
553,14525086
553,392585442
553,751867
1068,44230981
1068,506991992
1068,62738614
1068,393705402
1068,61064534
1068,910341
1068,78872584
968,66870659
1068,488242202
1068,109734566
1068,2261953
1068,101715623
1068,980101
1068,428558022
1068,74976537
1068,107768516
1068,115633878
1068,54420921
1068,119437608
1068,13654327
1068,12210099
1068,92819032
1068,79590714
1068,92719962
1068,24949681
1068,91466984
1068,1574150
1068,2447632
1068,4125121
1068,12000067
1068,62960705
1068,86541425
1068,450365092
1068,916445
974,550288
974,63178555
974,804132872
269,90356239
766,13726460
974,7978939
974,64902275
974,70299503
974,77492888
974,515509302
269,79587580
974,13705843
766,245784
974,79310407
974,13132402
974,89458301
974,118596560
269,79587582
269,86708777
974,14954267
974,70042205
974,454265852
974,643717442
269,66314771
974,141591277
269,56851641
269,89457797
974,4124175
269,71059074
269,90985157
974,142844852
269,7523656
974,1168377
974,3611525
974,72066532
974,140398061
974,60840078
974,473946872
1001,67446406
968,66589666
553,119476162
553,1015332
553,14496771
974,3116806
974,101009326
974,573445402
269,14630399
974,87535815
974,109176400
974,109176404
974,141334937
974,513583812
974,62284029
269,68950957
974,65445747
974,127244341
974,14172325
974,70299501
269,2525861
974,108168562
974,142034929
974,434721922
974,810179
974,12275892
974,368958961
269,876494
269,35407931
974,95938334
974,111406334
974,142835538
974,88677421
974,94784684
974,365579911
269,86541433
974,13789082
974,61784869
974,61784881
974,88405969
974,113947116
974,125543284
974,2321655
202,81072250
13,64848628
13,70114483
13,120957454
819,463794542
819,441818902
216,570470012
779,447942232
216,541924082
216,697892162
779,18232117
779,63651140
779,79088194
216,859258662
779,421491132
216,441493702
779,604864
216,958164572
779,561856792
216,8081939
216,103729994
216,125914625
779,3155839
779,62294641
216,81829558
779,3133740
779,68772213
216,126859893
779,15619042
779,435821962
216,526318572
216,1086622452
216,138312865
216,488993892
216,728045572
779,678363
779,75161126
779,134533240
779,838020652
216,908829
779,922404
216,65938293
216,1077001752
779,3118724
216,922138
216,1808972
216,551704702
216,780919412
145,67776231
390,3517335
390,104592674
390,65312875
145,511645
145,67776230
145,68973023
390,213542
1069,138128165
553,626416
359,16208322
359,100479298
226,3152230
226,96458854
359,4468511
979,102916644
64,4472019
64,82337926
864,123103236
64,95813354
864,122016704
864,110256510
864,118986142
864,95813354
864,113989356
864,27526011
864,94664184
864,117678828
836,74455413
864,10322388
864,103381090
64,2453575
785,916445
785,569426
785,2905441
785,2905450
13,118048040
42,3124116
42,967295
42,45782701
42,633587012
42,121921372
42,142133425
42,819474562
42,72148913
42,709488522
39,70403440
1065,12334078
1065,1165856
13,119302924
13,107825974
13,143041044
93,137199576
1065,64370077
202,92404566
216,424572592
779,4253577
216,64107607
779,797521
779,143848116
216,673792942
216,563446272
216,12901219
216,1966569
216,972770722
819,493860542
819,437535892
42,90394975
42,100432644
42,3170990
42,6524423
42,136334560
42,126188025
42,677297992
42,506945602
42,77879670
42,627436222
42,541322
42,916479
1065,2424654
1065,14380755
1068,2277140
1068,3667326
1068,2171461
1068,37150031
1068,5958976
1068,559789
1068,982678
1068,61018213
1068,71999936
1068,135876460
553,68666177
390,115028114
145,36582121
390,67238734
145,17827330
145,511647
781,109527236
145,60747021
390,16923489
42,1182497
42,667792412
42,13177281
42,15747785
42,52948701
42,70285918
42,108702262
42,12901265
42,111645632
42,73956351
42,982658
42,73956359
422,63460917
216,69623166
216,552875
216,124057396
216,1044263392
779,78328498
216,4337425
216,666762022
216,674641712
779,400572102
779,539970
216,10006338
216,137231520
216,1054254452
202,2820793
42,633587042
42,751219482
42,52950051
39,14499485
42,2124739
42,450061482
42,13277559
42,3088341
42,642673932
42,551243962
42,30919421
42,3129184
974,3135143
974,84490455
974,142658468
269,10214849
766,245788
269,2889763
269,86671163
269,95965912
974,2148746
974,61784880
974,125917925
974,367879751
974,77493988
974,367879741
974,545714052
269,615972
269,72545562
974,2327604
974,506951242
269,96316288
974,516932302
974,64935420
269,81334810
974,79845486
974,139470659
974,139971109
974,65625233
974,72203578
974,13797111
974,455225312
974,499193182
269,75711295
269,78233659
974,131362436
974,135372064
974,443338762
974,506088782
974,134029798
974,141339857
974,390514771
864,124433692
864,126849047
864,72427143
64,76737288
864,99976954
864,2171464
864,119302924
64,62723997
864,77698470
864,122652432
64,308799
864,107811124
864,124550860
974,16418251
974,112661754
974,434583282
974,539254492
974,513360672
974,124262674
974,144388008
269,55848051
974,365039351
974,73772058
974,77725101
974,85202770
974,134948092
974,14750366
974,76395834
974,142337683
974,527409421
269,79587594
974,53164271
974,65137199
974,621223112
974,13165148
974,79816996
766,245787
974,87675849
974,141089755
974,368714061
974,380390681
974,452751192
974,70459544
974,499985212
269,13651729
269,83844556
974,124183402
974,136241538
974,534723452
269,3016086
269,72417244
974,539082112
974,3026450
974,90099463
974,66465545
974,74455683
974,353301571
974,435884022
269,6297873
974,65441974
974,8075755
974,10023508
974,386166821
974,392518452
974,546967632
974,15439632
974,405112112
974,459472042
974,556356952
974,632314712
974,3231132
974,78915850
974,135754814
974,71220746
974,507357772
95,66710402
95,66404616
390,531788
145,1150902
390,78821037
390,121239412
390,111460000
390,12411852
145,14175951
390,78383489
145,536484
390,65312877
390,3083376
145,9815494
134,72314239
134,70705934
134,70041281
134,63113718
330,59777571
330,14552286
42,3129599
42,62891411
39,5716095
383,11704707
42,89158299
42,86541423
42,439324612
42,108702248
42,3747654
42,72398167
42,126188007
42,3091992
42,6561495
42,84310993
42,920991492
39,72417244
42,698747282
42,74512645
39,12324769
42,136308086
42,51198131
42,94973486
42,30919481
42,19669981
39,69390867
42,52949781
42,108492684
42,108492712
42,126188035
42,426703682
42,67929154
1068,1101731
1068,80723362
1068,70322133
1068,1176787
1068,62960706
1068,62439051
1068,60840057
1068,1176058
1068,3599714
42,870855
42,3134405
42,68868350
42,421875432
42,471996952
42,74301810
42,585354262
404,85964359
404,58111331
1018,2205366
359,3120443
359,682767
359,313640
359,65799016
359,38405521
359,3167904
819,492150022
359,63916722
785,569434
785,554584
785,1075781
974,3135139
974,7379246
974,69779536
974,74395576
974,99925946
974,143077180
974,404640272
974,114811546
269,71129379
269,94935144
269,95940168
974,15175385
974,78671163
269,1574192
974,112342326
269,8616466
974,67629582
974,74494863
974,452882252
974,518494002
974,65441972
974,129310248
974,61146744
974,77831629
974,910230
974,73913842
974,135754812
974,144958996
974,1143521
974,11090901
269,78098991
974,123341274
974,3155996
974,25383781
974,422942512
779,2242031
216,688704652
216,69713014
779,61794715
216,484413282
216,698747272
779,4603411
779,411474492
779,81404714
779,357482981
779,7035301
779,377719141
13,8157215
843,69008553
843,236672
1065,20857791
1065,552507
216,12315350
216,12676913
216,744329362
216,140340455
779,112662368
779,375313491
779,124237488
779,133165902
216,3129759
216,526618002
779,365070
779,134449894
779,561856742
779,3099000
422,5504566
422,878497
843,5696694
13,135065484
13,119242724
13,572580412
13,122927594
42,71678137
42,1144237302
42,660248132
42,78033230
383,14331234
42,143170316
42,66027714
42,16149112
42,982673
42,662081652
42,137833939
42,820326602
39,52735971
42,435915432
42,708907602
42,137260110
42,138693559
39,45594211
42,712115652
42,653159322
42,727604702
346,708335
346,3087735
346,77993438
346,11552496
346,680102
346,947343
346,61005380
346,65039368
346,71129383
346,3152676
346,14282849
346,870853
346,913272
346,2711049
346,3157967
346,7035563
346,3129265
346,13132400
346,71129378
346,71924287
346,2301463
295,125333404
295,6914989
295,12816847
295,422217582
295,84668595
295,2148722
295,73135389
295,78098991
295,392355262
295,4007775
922,137311004
216,354703381
779,107406104
216,12787494
216,65938278
779,528661211
779,101030630
779,2298087
216,603928022
779,706847
779,498130042
779,846048
974,96861548
974,443876262
269,18190273
974,2176476
974,136127850
974,70216971
974,72314626
974,107329230
974,369473951
974,582293512
974,68945632
974,460641912
974,72717423
974,92734438
269,830771
974,99735814
974,100511504
974,394506032
974,457758152
974,506298162
269,63100139
974,3749311
974,67565332
974,400435772
269,86044531
974,356863391
974,472992602
974,4008548
974,132214840
974,387940441
269,85918453
269,92871300
766,245791
269,76220160
269,90726629
974,680518
974,61326432
974,94664188
974,142706538
974,1125903
216,15103358
216,76753298
216,143227342
216,645003122
216,744329352
779,2308533
216,545956242
216,1064652642
779,781018
779,135402864
216,73528755
779,604840
779,136338624
216,2450605
779,2298089
216,653352422
216,686651532
216,834613042
779,6067352
93,80895564
246,14932632
8,140869461
8,495851152
8,1180391
8,94536944
8,79587580
295,468083602
295,2256349
295,501142942
295,118587182
295,84668591
295,107991812
295,446461272
295,117270792
134,2159540
134,2681007
134,82153614
134,6347454
42,68868345
42,74301812
42,726910592
42,1579475
42,1053677562
42,6461440
1065,16925929
93,20794271
864,125333404
64,309174
864,90728681
864,129632340
864,110577656
864,134524258
64,97933350
864,82719780
864,137743637
64,4472006
64,76849960
864,118587182
64,76737283
864,124237488
864,129121520
64,861317
864,78098991
864,2298089
864,67041323
864,70834770
864,139470659
64,3120612
864,126219051
64,76737278
864,10560255
864,65759979
64,130855276
836,139470659
864,68903082
64,5959277
64,115136888
64,115136886
779,439484722
779,3501662
216,140343719
779,2173623
779,596030
216,101009326
216,1060920512
216,972669712
216,928893652
779,14193982
779,75502844
779,113785786
216,26266101
216,548566672
216,674641672
216,698747282
216,629337072
216,398055712
216,834613032
779,2525864
216,1027903142
216,635381692
779,97029990
779,390514771
216,354259681
779,415238432
216,941113302
779,2428523
779,5611822
779,7332947
779,539082112
216,1139796
819,488870902
819,461704132
93,10238277
93,412058932
93,101057358
64,308802
864,67780333
64,6588578
64,129635098
864,130008224
64,881927
864,81656684
1065,17913099
1065,7371208
13,2838140
13,6683159
13,972815
13,107329230
13,128847747
13,102400504
836,129265580
864,994228
864,14499481
864,120075106
864,123883254
64,4832319
836,135549316
864,56293961
864,79223833
864,87669871
864,60978718
64,963098
864,79587580
13,74301807
13,8175115
13,395273652
178,29392051
178,749095
178,11043273
178,1579474
178,65007878
178,66759411
178,108044140
178,3135563
819,450365092
93,3104557
93,370599441
93,35946851
93,114435596
864,14499484
864,96454554
864,14340428
864,91834590
864,111024448
864,81328262
864,128878464
64,69879250
864,133099298
864,79875064
864,118596560
64,880921
864,92734438
64,100614636
864,2172900
864,4008364
864,1169683
864,10509740
864,115023700
864,34939951
864,62724019
864,107030958
864,117797212
864,122652430
864,539620
864,125971155
422,92962970
422,3152610
422,5628986
64,3765620
864,111024452
864,122652436
64,115136898
864,60137451
864,80678800
64,5586701
64,132614858
864,131742260
864,624823
864,80678806
269,13394324
974,884756
974,134298218
269,913858
974,121126406
974,31607381
269,62874022
974,75388161
974,484413322
974,107825974
974,130890802
766,10301485
974,67563949
974,92159744
974,107346376
974,662104
974,866829
974,2426335
974,441486322
974,552827032
974,601837422
269,14532189
269,81072230
269,89458301
974,16710061
974,86453925
974,355173541
974,483553792
269,96252822
974,512577
974,144572210
974,7768121
974,100614636
974,130853370
974,84683307
269,96133358
974,10290950
974,61542857
974,75388160
974,362722511
134,66266869
134,90099463
134,75550254
39,55015251
42,347660451
42,135949696
13,3142379
13,1162155
13,120586430
216,2176508
216,7609436
216,101764835
216,70322130
216,92172476
216,592099712
779,523450952
216,904263892
779,61752294
216,4185148
779,1140466
974,764920
269,2125970
974,984412
974,3119754
974,112342316
974,141822553
974,472992712
974,61056307
269,1574156
269,99105104
974,419141782
269,8531612
974,13133671
974,71999639
974,514930122
974,137725071
974,346434691
974,67703853
269,96446882
974,606823
974,66884903
974,128948300
269,7275392
269,84864447
974,446684832
974,478683092
974,491767152
974,80333646
974,358187321
974,600332802
269,78442646
269,82400276
974,99121804
864,727736
864,139470657
864,124062456
864,73616508
864,2855733
864,53825251
864,80678812
864,117838916
64,115136904
64,109569508
64,546419
145,3113472
390,107959802
145,75523756
390,94715630
145,66851755
145,67776243
390,1124743
781,90318111
390,81263864
13,128095095
13,74301816
864,1169677
864,119437608
64,980746
864,79875054
64,4619466
864,76395840
864,87669875
864,125972317
864,126365431
864,133165902
64,136127850
64,69810172
64,111024448
864,91987448
864,118587270
864,565424
864,79965994
864,93717190
864,122652454
864,78282086
864,126866297
64,111776236
64,76737281
864,94272898
8,79223833
8,70638825
246,6765463
8,1100924
8,84406421
8,577893
199,1575389
580,13033681
13,131960560
13,519044592
93,114435594
93,380037491
974,10035289
974,70100098
974,110823952
974,368559111
269,86671159
974,363143481
974,78098991
974,68446351
974,123607620
974,136802580
974,379723641
974,632941142
974,732258
974,75837242
974,546875592
269,5786444
974,382567811
974,414655982
974,519484922
269,7365618
974,7239565
974,96818170
269,79875054
269,86453925
269,94664184
974,138128483
974,92172476
974,138140039
974,632548822
974,352863581
974,491449632
269,95570644
974,13789088
974,61146749
974,111467172
974,398055722
269,2420460
974,735181
974,2122565
974,16705459
974,2541568
974,132751720
974,490738032
269,4289754
269,61752797
269,85963521
974,3968763
974,563265552
269,6687576
269,15610777
974,10102369
974,18232387
269,93841264
974,2237709
974,107346384
269,7293921
269,13430750
974,76199886
974,131343028
974,144058864
974,557536622
974,3129145
974,90379179
974,99358978
974,605654122
974,725261
974,16976613
269,1574150
269,7293924
974,3776150
974,139470657
974,138841861
843,2957076
819,458531462
819,511053382
134,73622394
134,82527852
134,825021
134,70961762
974,609390
974,447747242
974,558511762
974,103446218
974,135386020
974,145426896
269,78671164
856,67234288
974,7374460
974,584294442
269,4601933
269,7275389
269,88003683
974,516383382
269,7624216
269,92957130
974,344884861
269,66770160
974,10290954
974,66819937
974,350055571
974,397950722
269,7600194
974,66764798
974,75768941
269,17347967
974,456965072
269,10496109
974,483553832
974,888369
269,13430741
269,94590444
974,137231520
974,413459992
269,10385112
974,100240052
974,91536328
974,513051692
269,84303835
974,482126242
269,4289750
766,234212
974,69879259
974,74126483
974,97796592
974,7521061
974,13277567
974,66730179
974,72401892
974,76395840
974,343985581
269,78872584
974,61146739
269,13430744
974,25746431
974,649336752
974,70206826
974,107346672
974,121594174
974,134945400
269,74578091
725,1575269
766,245790
974,68155480
974,114395812
974,140861043
974,145270538
974,370626541
974,627002552
269,73064036
974,1183793
974,125359344
974,136729210
974,3147292
974,2234269
974,4232293
974,71078385
974,124992410
199,79829950
580,102961062
172,13839981
172,531907551
172,3129407
172,497415082
172,551683
172,2485134
172,70266756
172,364957401
172,403074632
819,357037431
819,466856262
819,479801652
359,72878185
359,99522602
93,108130390
93,117189010
95,994228
95,3129325
1040,71129383
134,2103589
1040,92734438
1040,71450185
422,74295450
422,13298588
93,3100559
8,55614681
8,64107504
8,18063015
8,68390604
8,426572052
8,62022938
8,70553504
8,90838709
8,86101963
580,13033682
905,130674254
422,95618422
93,77470522
93,5785689
93,141334369
93,35946841
663,3134029
8,137740111
8,127563043
8,76220160
8,94753848
246,5867874
8,139135041
134,3232329
134,4619464
134,4288413
134,90250627
134,86616173
134,5356361
134,2889765
134,29382651
134,2156850
95,2530867
819,481510382
8,1089656
8,103052662
8,76272587
8,86836305
8,671357672
8,69000284
8,994228
8,51351321
246,69828692
100,102939030
223,372965021
223,920465602
223,2177737
223,3103846
223,47311711
223,71483067
223,3405398
223,7868662
223,144953288
223,605970
223,9837712
223,480489822
223,2789439
223,73277324
223,77644663
223,92599712
223,106026578
223,62126184
223,101517782
223,115195420
223,3355745
223,85570600
223,109176426
223,110957896
223,744776
223,91168019
223,1046364
223,3088542
223,95141400
223,140371051
223,380735381
100,56889611
100,87326987
223,587132
223,15165360
223,116348212
223,6991125
223,7856419
223,14599127
223,70274241
223,921901
223,11217200
223,65863076
223,555101
223,3135034
429,27809321
223,1125624
223,83878135
223,93710444
8,96449670
8,449379722
8,78233078
8,1169676
8,83919631
8,831127
8,74252546
8,707207482
8,18181613
8,983756
246,14175238
8,5742624
8,71526780
8,64443484
13,576851222
13,500397882
933,67755614
933,109176400
933,4763165
933,72299954
933,557092882
933,2527813
933,513360622
933,37734441
933,8131376
663,11233469
782,105609052
782,116220170
782,11517499
782,579898642
782,11517503
925,678017492
782,9496582
782,2444204
782,11332917
782,515650902
63,1581670
284,73696392
284,625398
284,138547415
1040,87487355
819,452882902
819,429975082
246,69937791
8,88880971
246,2533869
8,89943989
8,60946208
223,14466460
223,301725
223,3977888
223,4540396
223,66789256
223,350019111
223,393176572
100,62985564
223,16984215
100,123373232
100,56890501
223,832667
223,3468237
223,70671916
223,453079572
223,3088546
223,13141229
223,24021171
223,69879254
223,8770373
223,12778871
223,119430276
223,538203
223,1015862
223,2114406
223,17522632
223,118940706
223,138540345
100,102934824
223,1147858
223,92719900
223,4490339
223,125917925
223,881861
223,2505668
223,4086178
223,6644923
223,79162101
223,83729198
223,138539981
223,21196391
223,102213792
223,3088553
223,65292093
223,77687594
223,118806790
223,372939541
223,1172883
223,3155488
223,14615242
223,85985147
223,564173342
223,12210057
223,60958511
223,84960615
223,128616251
223,92198180
223,112338724
223,116944274
223,38432461
223,70417876
223,71447699
223,14458095
223,78671026
223,117585768
223,116348462
223,869195
223,2661882
223,3138832
223,5704065
223,6196334
223,134786854
223,7709789
223,138539989
223,423598342
223,350019371
223,3355746
223,4952889
223,426572052
100,99370418
223,831294
223,3104484
223,4315684
223,78802091
223,119474356
223,458869672
819,503114772
819,482990352
819,474999262
663,117731066
172,600545
172,136338624
172,3037310
172,54420921
172,14525573
172,369643921
172,7365619
172,110663020
172,373362011
172,3445820
172,407435482
134,67556948
134,83919611
134,3751263
134,790986
134,14145918
134,74907116
819,481510342
819,453398662
359,75152206
905,129324332
284,130155963
284,100722468
63,72768565
284,547806992
63,1114507
284,14457464
284,104847438
63,14993990
284,776220
284,92734438
63,69000243
782,2514675
782,16149110
782,78711040
782,7087535
782,29036271
782,67672108
782,3122562
782,118294396
782,7132019
782,796702772
782,132931528
782,13551002
330,62847147
330,69501525
1040,92325336
178,120275518
178,29387751
178,89123711
178,127708911
178,58613881
178,1014196
178,96436896
178,68954422
178,124890684
178,129635152
582,7721571
582,141942845
582,7957517
223,2502889
100,1151565
223,1109538
223,63368729
223,68925383
223,76147837
223,104880166
223,3129772
223,53294841
223,116348340
100,56890521
100,67536742
223,942339
223,140034705
223,1171744
223,4619057
223,61039492
100,56890351
223,9544046
223,469195222
100,71484397
223,68284071
223,85394588
223,125380024
223,450597752
223,574984
223,68943070
100,87326975
223,3119536
223,3129775
100,87327001
100,103494106
223,1147863
223,2794160
223,7088056
223,8030625
223,376480961
223,1165176
223,5078810
223,69879253
100,17143862
223,13166665
223,138247605
429,2525877
223,769627
223,946048
223,69444395
223,1579481
223,2537579
223,3158226
223,3405387
580,13033680
295,986850752
295,493093682
922,76551067
330,60200381
246,68352667
8,63103141
8,72417244
1040,87487357
1040,87487343
1040,87487349
134,62629535
134,3152010
295,126884459
295,6914995
295,134365838
295,579893072
295,4762941
782,849065482
782,68595944
782,834051672
782,567665
782,4706746
782,95197426
782,7087529
782,63719674
782,67672242
782,128548967
782,1140658
782,886323
782,94979388
782,630287732
782,356091581
346,8110298
346,2430331
346,3845154
346,6770882
346,7420775
346,12746129
346,81797220
346,3863575
346,7124978
346,16684278
346,2310783
346,27415621
246,67549374
8,3156760
8,125543278
8,3212468
246,14935222
8,982474
8,68175449
246,14932630
246,68947757
663,126221393
295,17199793
295,72065387
295,435031622
295,6914994
295,94664184
295,597823
295,14340429
346,67655923
346,688407
346,880961
346,618894
346,13158215
346,2492094
346,3886476
346,7753698
346,13127251
346,62738619
346,2466305
346,62738620
346,851002
346,13569235
346,2102422
346,11616584
346,1140658
134,3134562
134,97456632
134,3787855
782,3104707
782,137776381
782,2795346
782,524092322
782,779453272
782,79900948
782,10050188
782,75965567
782,118611304
782,72261187
782,73481988
782,755355882
782,60815341
782,1176787
782,95032666
782,355698481
102,847197
102,952788
102,1143488
102,4197811
102,61289019
102,126367879
102,97078518
102,2114400
102,64312671
102,64312682
102,262801
102,74345423
102,5404526
102,71340938
102,751867
102,124218496
102,1112989
102,556807
102,532888
102,2268613
102,8146779
102,117513852
102,245784
102,131978130
172,7705885
172,364957381
172,3779653
172,4709947
172,428543162
330,72547065
330,573393
346,912504
346,1090488
346,1053420
346,93477518
346,9831863
346,65446534
346,16392034
346,2844448
346,15839654
346,84837675
346,675287
346,920781
346,2721220
346,10107278
346,228245
346,69879253
346,2179943
346,14993995
346,62738629
346,31150021
346,1161679
346,106506512
782,76451181
782,87117591
782,417086012
782,400243002
782,3132610
782,8086134
782,67679597
782,851401
782,542376
782,112289336
782,586473
330,65779793
199,72760017
199,66916377
8,2468570
8,79798946
8,99976952
172,78098991
172,93376434
172,527022462
172,142175869
172,134527024
172,539082112
172,13636686
172,142986204
172,511515962
172,66314859
172,470287772
63,922025
284,2133626
63,85297968
63,98231048
284,3148105
63,947339
63,77409663
63,84876751
284,3148104
63,89845471
63,1132204
284,64607963
284,109713882
284,79472625
284,79621452
63,36002861
63,72768566
63,94954524
63,3092236
63,75817645
63,1102664
284,1040347
284,850423
63,71515966
284,1579474
63,83115014
295,134212670
295,2301731
295,142884592
295,143782802
295,12431185
905,350171311
782,75361606
782,3161481
782,33241241
782,11517496
782,67670355
782,105989018
782,61115256
782,138547415
782,935048272
782,70076250
782,86662405
782,71712539
782,67679069
782,1268938
782,2440477
782,3125936
782,61115259
782,1228075
782,435929082
782,7731941
782,4028168
223,71131663
91,61286990
100,87326985
223,65444037
223,69879249
223,85570602
223,127246327
223,66364140
223,131292656
223,1056288
223,1579474
223,64018459
223,67600583
223,75519618
100,43037611
223,949279
223,3133738
223,138540337
223,140850467
223,235468
223,5817088
223,10511297
100,87326983
100,114800540
223,1162155
223,3118532
223,54434741
100,65768051
223,480759032
223,664178
223,2952685
223,11217195
223,14769208
223,65370330
223,69471721
223,112424760
223,797446
223,2965601
223,75980652
223,138539157
223,11828139
223,14466461
223,84960621
223,89282853
223,89649857
223,2502995
223,13129208
223,63124238
223,350019151
782,60840060
782,415452982
782,537439802
782,3150328
782,481416142
782,61032651
782,73822506
782,13499095
782,410006462
782,1135475452
63,74505678
284,3157624
63,3092237
284,1108304
284,4315684
284,138539157
63,35098491
284,3927941
284,685405
284,73961178
284,444887352
284,142706538
782,138544915
782,98975170
782,410006522
782,10682513
782,612486382
782,133034462
782,68612898
782,113522270
782,2352940
782,103093302
172,350428781
172,7706016
172,113366536
172,504056042
172,7916517
172,363418191
172,382428781
134,916479
134,88935277
134,3143892
134,74907282
782,1295162
782,76883225
782,11522860
782,588233822
782,916318
782,72706473
782,1028405
172,360726471
172,906864
172,111780412
172,541000
172,118986142
172,498316592
172,513300302
172,79587580
172,90250621
172,10308117
172,79965994
172,7706008
172,532923
172,365750351
172,142808100
172,139470657
172,69533953
172,87371673
172,88936747
172,552394
295,422283352
295,103381102
295,364268001
295,3078384
295,107991788
295,95890628
295,95890672
922,71119059
295,7289068
295,95890634
782,534463
782,871425
782,61115261
782,74493430
782,88881015
782,78184130
782,1118865
782,131337398
782,477939192
782,11332912
330,573389
330,60137451
1040,87487347
1040,87487335
330,66342669
102,83785952
102,90591897
102,2113541
102,73724283
102,4311597
102,1105733
102,2693378
102,14008309
102,61602264
102,65231983
102,715290
102,1110723
102,10631820
102,61602261
102,66177383
172,66314771
172,71645436
172,118190298
223,138547587
223,429986962
223,3128266
223,68925178
223,313640
223,7710043
223,3166518
223,4158576
223,75980653
100,6172894
223,11919164
223,2502150
223,7045890
223,143498594
223,265101
223,3065821
100,1151525
223,3155466
223,117119414
223,134310690
223,405991782
223,3128269
223,17695084
223,71999656
223,74778129
223,13792626
223,78663494
223,113051762
63,74618493
63,895403
284,62724017
63,71678151
63,83859108
284,374051471
63,96252802
284,447098092
63,95164792
284,23753811
284,432946872
284,4677572
284,107688326
63,70118824
63,76159511
284,412536662
63,64387637
284,66609426
63,18232387
63,3129691
346,4604873
346,9490010
346,61435110
346,61005382
346,62738615
346,2516593
346,4197923
346,206486
346,9796911
346,9900870
346,2120967
346,3257508
346,5472094
295,2170085
295,75920551
295,136804798
295,353468481
295,1007388592
295,917958
518,98614460
518,98614458
346,912184
346,2102390
346,3116393
346,6715735
346,44140071
346,1581670
346,3111199
346,10102364
346,266780
346,7753500
346,68926931
102,717542
102,129121520
102,789250
102,59027281
102,130113321
102,1143625
102,134523754
102,4197813
102,116952702
102,1112992
102,8765716
102,116952706
782,82152488
782,107329230
782,596675662
782,1156744
782,75794761
782,528769271
346,16684281
346,65446545
346,6592713
346,2166480
346,2256911
346,35407931
346,66174049
346,14993990
346,62814605
346,1101420
346,5105087
346,7753705
346,11622585
346,12324769
346,907791
346,1109731
346,62738610
346,2828453
346,7405522
624,3616531
346,15110892
346,3120906
346,72079219
346,6592993
346,7293774
346,948047
346,2321655
346,951568
346,2330803
346,2716097
346,3840484
346,2428801
346,228248
223,3434225
223,13690131
223,123634298
223,355603791
100,94881542
223,3426184
223,14466467
223,92599736
223,137203280
429,12210093
223,580936
223,3129325
223,2171456
223,2171464
223,6058090
223,11957556
223,869548
223,3107019
223,61039495
223,92097334
223,137314966
100,74078817
223,67606710
223,84869911
223,111347920
223,8566652
223,69444396
223,61087139
223,3296474
223,7193834
223,533752372
100,6177415
223,682767
223,5959430
223,7710045
223,13792619
223,76273041
223,90728575
223,134419562
223,70782519
100,87326979
223,1039986
223,2770557
284,6307161
284,2674013
63,2834648
63,105148746
284,5093662
284,3102130
284,946466
284,6614292
284,100598482
63,43866211
284,409960532
63,5448333
284,910211
284,959183
284,4188287
346,869545
346,9933781
346,63480992
346,982736
346,14755102
346,83938907
346,93011280
346,11234105
346,16150099
346,9808418
346,34900941
284,109734566
63,90838709
63,863103
63,1567820
284,136889400
63,17199803
284,139470659
284,982678
1040,87487339
1040,87487351
1040,68790618
223,1146673
223,3103847
223,5094200
223,6349724
223,69879255
223,129271922
223,441499062
100,894691
100,56889761
223,60733919
223,108012282
223,401702462
223,68510246
223,87651083
100,114800520
223,88003859
223,66244307
223,2652147
223,125380032
100,87327007
223,2303802
223,7818900
223,69879250
223,143782404
100,87326977
100,87326991
223,116348126
223,7710050
223,89825261
223,95183348
223,81328530
223,95183316
429,558882
223,2309992
223,62126185
223,120250312
100,68592341
223,3252247
1040,66727056
63,1102666
63,85986093
284,12206946
284,130196418
284,15546830
63,901199
63,554674
284,7923756
63,63303661
284,2176852
284,67044899
63,101497932
178,104856056
178,1025871
178,134057056
178,87465763
178,71704859
178,9905687
178,67771046
178,60983411
178,119839622
562,71828723
100,1182701
223,3088544
223,64984812
100,87326997
223,126497283
223,446056462
223,131218578
223,459517692
100,78479196
223,138544261
223,69105409
100,87326993
223,3977901
223,15217974
20,12493477
1040,87487341
1040,87487345
1040,87487353
1040,75345473
1040,87487337
172,346434691
172,914036
172,90250603
172,390514771
172,62847147
172,139874527
172,3779646
172,6722119
172,4315319
172,66465550
172,383681201
172,349385251
100,104905974
223,66789249
223,68515055
223,70785264
223,109168792
223,434206862
100,579620
223,3787261
223,7275392
223,14406852
223,65726865
223,106708496
223,4099864
223,5652656
223,480489812
223,538206
223,3088792
223,4006595
223,10819938
223,86071885
223,138540351
223,949282
223,1582751
223,10053756
223,95183322
223,131218564
223,7710038
223,7868651
223,623521182
223,3088552
223,106707462
223,1584485
223,3134144
223,886443
223,904732
223,5078973
223,3456077
223,66759113
223,138544267
223,565637
223,132747496
223,140034691
223,373576861
223,921902
223,982678
223,2502149
223,13405436
223,71432375
223,2303804
223,14343282
178,94281612
178,75955788
178,67845114
178,98306382
178,3132775
178,120136374
178,128868288
582,375689871
528,64961067
562,65734485
562,82400746
562,138546001
134,77849400
134,93477546
134,79311681
295,17258764
178,96060192
178,211796
178,127498385
178,66881747
178,75467247
178,3132778
178,1207070
178,66687295
178,120136378
178,77700653
178,97411946
178,67600583
178,107984978
178,5271327
178,16879630
178,135888742
178,830254
178,3132777
178,63412603
178,7812776
178,105269174
562,122222810
562,775117
562,132479806
562,3753456
346,13974408
346,67929419
346,64321044
346,959183
346,10107277
346,8141455
346,16068433
346,14769209
346,16638259
346,313639
346,4008456
178,84055859
178,38432481
178,71301638
178,133207896
178,94964880
178,121474026
178,75842722
178,78025432
178,72023741
178,74229075
178,74269310
178,99179102
178,69039077
178,83957923
178,98427224
178,16962335
178,89219205
178,130341164
178,66402864
178,105292188
178,102435788
178,70418149
178,88003725
178,29373661
178,93352030
178,120491778
100,56889651
223,4952963
223,116348236
100,25746431
223,679548
223,3667326
223,4952868
223,13792625
223,6082641
223,70984706
223,3138798
223,9997018
223,15425694
223,105427682
223,133586802
223,2171224
223,2711780
223,4256630
223,13131916
223,61141988
223,129432740
223,2276362
223,2328563
223,3104591
223,93079266
223,108733462
223,1141668
223,2533865
223,2556443
223,17494491
223,95183334
223,373746111
100,56889841
223,88486835
429,2525861
223,239070
223,2244121
223,143060940
223,68929308
223,77182690
223,831319
223,1172575
223,588266412
172,71645391
172,355460061
172,901003
172,12724807
172,89805365
172,136802580
172,376480961
172,410107202
172,677232
172,7512057
172,69627777
172,9914593
172,511875602
172,63034985
172,60978718
782,535205
782,355697951
782,665808262
782,2181383
782,15347347
782,590397762
782,750099722
782,10050193
782,11332908
782,95197416
782,13550993
63,6214596
63,16853878
284,1182497
63,77918556
63,90119355
284,921705
284,16433501
63,73724283
284,349385251
284,374251561
102,2516603
102,16433501
102,1105746
102,97078502
102,1112993
102,1105745
102,1123670
102,1142460
102,2711625
102,7332937
102,715284
102,1151565
102,137523586
102,92092070
102,15177271
102,3583673
102,1112998
102,3583676
102,91519050
102,133165774
102,1579474
102,14628999
102,715278
102,74661812
102,1405177
102,136338808
102,92719900
102,98320710
102,121124522
102,130105294
102,3819908
346,7514904
346,7819071
346,2102385
346,61005366
346,68391669
346,15425694
346,2847452
346,706742
346,34900911
346,74173044
284,1108303
63,4124190
284,10686127
63,80314826
284,5467269
63,68420624
63,1581664
63,12292185
63,61495412
284,23637231
284,23791471
63,15425524
284,1731918
284,103446218
295,3616253
295,110007508
295,126844199
922,6619180
295,95890676
295,398977772
295,4604881
115,17790976
102,2423895
102,61064534
102,120331752
102,15177228
102,120331754
102,4244303
102,5847888
102,14211126
102,66177387
102,69692593
102,4763165
102,59027301
102,92720036
102,847204
102,13547244
102,100614636
102,90591913
102,660535
102,90591907
102,92720048
102,1112995
102,72312599
178,121090020
178,123789748
178,104892734
178,65645284
178,45076071
178,68894299
178,3129270
178,4315793
178,69074919
178,89257727
178,2802816
178,63395112
178,1028432
178,111549506
178,129048614
178,15642208
178,126392947
178,112760178
178,7424868
178,96861542
100,894670
223,238389
223,781757
223,921875
223,10018108
223,1109730
223,550518
223,9266199
223,84960609
223,95183318
100,93916046
223,3909939
223,5704671
223,407093822
223,468212502
223,494325842
100,37149951
100,71093031
223,869547
100,68963841
223,3088784
223,10522627
223,131298310
223,634225
223,434206822
223,1579920
223,2711779
100,121221730
223,956330
223,66609426
223,97687036
223,22555081
223,85908483
223,10240194
223,477944182
761,669567072
761,675656882
761,235469
100,60729221
223,3097966
100,56889851
100,95343022
223,687491
223,61226345
223,73004537
223,82206952
223,533752342
223,134314632
223,9806802
223,63368730
223,1056838
223,355172171
223,1109731
223,3956181
223,70785260
223,376377811
223,388726451
223,13624832
223,6048740
223,121434316
223,7275388
223,15016444
100,87326999
223,37515191
223,79223833
223,884320072
223,107470098
223,122439700
518,98614476
518,98614462
582,130083928
172,83756376
172,123883254
172,369397961
172,498130042
172,900835
172,1576424
172,136336116
172,4315378
172,15165360
562,140869461
562,2276802
102,1113001
102,135949706
102,56889761
102,720295
102,14008321
102,101215404
102,662879
102,2124739
102,120357736
102,4197809
102,1195560
102,120742714
102,2525877
102,14008311
102,92720102
102,14008314
102,128950996
102,1143495
102,56890351
102,72312600
102,107765380
102,136340478
102,3974262
102,228803
102,880664
102,1125081
102,131978144
102,936899
102,1125083
102,127246477
102,2838681
178,106302856
178,71438174
178,68264894
178,117349272
178,68264890
178,92029560
178,70795293
178,108322120
178,67831373
178,118154682
178,121474022
178,2796698
178,84309705
178,105269172
582,462943562
544,12713713
544,87370653
544,904320
544,1105734
544,68175449
544,76159511
501,13111866
544,5979883
544,16150101
501,973961
501,12913609
544,924930
544,6954272
544,102659128
501,3110732
501,3577516
544,835055
544,809322
544,916831
544,13782776
544,28123541
501,98796322
544,1098069
544,2101619
544,2101686
501,68720439
501,96818170
544,93030016
544,4315388
544,5430038
544,65152214
544,72363411
544,2299660
544,9914837
544,95322326
1046,4858208
501,68719360
544,37734391
501,36006931
544,12343173
544,28123521
544,61361938
544,1141668
544,66609426
501,12913607
544,2240296
544,4733114
501,72743010
544,2235311
544,3169228
544,12713707
501,29172081
544,629460
501,111767054
544,2953166
1046,68414397
501,12350510
544,4637198
544,67754230
544,2164893
544,4195722
544,716887
544,1195496
544,3514243
544,4315386
544,6278230
501,36006901
501,70339169
501,101369838
544,7564043
501,72743027
544,12817764
544,4188439
544,62070464
1046,113989352
501,36006801
544,67351459
544,4733112
501,12913605
501,72743021
501,112685676
544,625884
544,2235309
544,3135556
544,3414692
544,10199948
544,32332681
544,70322132
544,85567572
544,2460750
544,65732140
544,67351461
761,699056192
920,363687181
761,16501726
920,89359809
102,4603396
102,14499427
102,12441197
102,74661822
102,594917
102,9997018
102,14008315
102,90591899
102,115323108
102,73171095
102,110549638
102,859699
102,660764
102,134523750
102,78631539
102,120359064
102,2498862
102,1151525
102,138791745
346,1147542
346,2202850
346,63357975
346,982728
63,834624
284,7923764
63,77349251
63,100328662
284,473784012
284,2176858
63,75722677
284,765971
501,70339167
544,569213
544,2514810
544,3090879
544,4638779
544,62070475
544,87370655
544,7857235
620,67122778
501,14567760
501,101609859
544,1143495
544,3135553
544,10329566
544,75526543
544,93321486
544,629466
544,916830
544,2889765
544,13784458
544,14881633
1046,2121805
501,89884845
544,916827
544,2676943
544,6249728
544,77349253
1046,14881199
544,1165303
544,12906052
544,13782771
544,69879249
501,8169634
501,72743013
544,676847
544,954807
544,3616660
1046,85986305
544,805051
544,64504919
544,3075239
544,89096907
544,804891
544,7667349
544,32332671
501,4125588
501,7634971
501,12913610
501,13111871
501,72743023
544,1105746
544,62845534
178,68903835
178,9134787
178,61792692
178,61612691
178,80460342
178,73068240
100,72037483
223,2920093
223,73739720
223,75502844
223,76273042
223,85912347
223,94184774
223,2303806
223,10446162
223,350019441
100,87326995
223,797434
223,92097342
223,96990992
223,434206872
100,67536740
223,963148
223,3152010
223,49590311
223,86086411
223,373219601
223,18053181
223,85985161
223,92366758
223,116348206
223,2126608
223,3149562
223,11255242
223,1065728
223,38460221
223,69444388
100,70635256
223,4674617
223,64251952
223,65726862
223,72020042
100,118439544
223,7982626
223,64812585
223,94659994
223,108539550
100,2295357
100,67536744
223,1181364
223,7710044
223,105900218
223,238888
330,72714548
582,46597171
582,143981872
582,122379486
346,2328098
346,3765244
346,6266769
346,28129251
346,10242719
346,16638264
346,5662027
346,61005365
346,13931056
346,39940861
346,688428
346,2247920
346,16684283
346,3120903
346,14863043
544,4116816
544,4185794
544,5747707
544,61005365
544,631681
544,10092022
1046,984398
544,4116811
544,4602493
544,67929162
501,1340298
544,797959
544,1575417
544,2680790
544,3829144
544,4185796
544,12452039
544,64504923
501,72743028
501,36006871
544,2889763
544,3667142
544,4764855
544,10381683
544,12441203
544,77349246
501,102335140
544,4211780
544,4315684
544,6459924
544,12801783
544,65732145
544,66274571
544,90563091
501,11777715
501,12913599
501,36006821
501,72743025
544,568713
544,64449240
544,78484044
544,916841
1046,1089861
1046,60840057
544,10669349
544,13178613
544,66190277
544,70322139
1046,12206946
544,676850
544,1161679
544,3102138
544,4116815
544,2238145
501,11777714
544,63094585
518,98614478
62,79223833
933,543575312
933,485778052
933,7821736
518,98614474
518,98614466
562,29401061
284,1141674
284,3551883
284,13161111
284,80142286
63,73206884
284,949279
284,86157447
63,3146210
284,1277771
63,66465550
284,903466
284,3578281
815,2186140
295,6914996
295,143783500
295,71587160
295,123369084
295,95890670
295,75820478
295,4604886
295,445239252
295,110007502
815,854137
295,119437608
761,871455
761,3130552
761,101151498
761,3097493
582,3256016
518,98614468
544,3788287
544,4586094
544,70322135
544,75072832
544,1105708
544,4761589
544,12441199
544,87370657
544,629463
544,61005366
544,67754238
501,13111865
544,3135565
544,7857234
544,10186399
544,10214849
544,12713710
544,17490407
544,75072822
1046,2121812
1046,2121830
501,36006961
544,63510358
1046,2263033
544,6258357
544,67929158
501,60750359
501,109254350
544,911493
544,1157906
544,3111251
544,4224616
544,4761583
544,67238731
544,81924820
501,72743020
544,66465549
501,12913601
544,4848236
544,43340281
544,63094583
544,5644736
544,62165243
544,67929161
544,74505948
501,78557427
544,786778
544,937332
544,3599737
544,4733113
544,4848231
544,6891219
544,13793522
544,89870603
501,109254360
544,3087228
544,4315379
544,5425214
544,6278228
544,69879252
501,72743026
544,536398
544,3087909
544,6414631
544,79294137
544,95682764
501,69027143
501,104595336
544,834370
544,17615884
1046,392284592
544,4315384
544,7232152
544,68510253
544,72823269
562,88310393
172,68016602
172,901648
172,74432006
172,82241406
172,96818170
172,88897641
172,4315578
172,4315317
172,2962672
172,280556
172,69879250
172,375437431
172,142750222
172,946306
172,5078973
172,95938334
172,134533220
172,5404526
172,362871201
172,477452252
172,4709944
172,12565422
172,946300
172,2525877
172,4315381
172,4315389
172,74126483
172,376989861
102,56890461
102,1125079
102,124218118
102,138235673
102,62082829
102,262789
102,3588423
102,72312598
102,142820632
102,122652454
102,72312597
102,14499433
102,548175
102,136864888
102,2423898
102,97078508
102,101215392
102,1195559
102,10631818
102,14008317
102,66177384
102,122927594
102,117418392
102,14008318
102,4006939
102,2838674
102,3588422
102,3915012
102,122506894
102,61289018
102,234161
102,2271503
102,3819906
102,715300
102,2288470
102,136338814
102,676162
102,83785950
102,136340472
102,2171456
102,68097787
102,122927588
102,1151615
102,2711529
102,7675196
102,74691352
102,660753
102,1195567
102,609244
102,74661814
102,97078506
102,627661
102,61603981
518,98614470
518,98614464
933,141780587
933,553056702
933,539496372
933,543575272
102,3164155
102,718813
102,116952708
102,757085
102,555639
102,1105736
102,566497
102,1112991
102,2423902
102,13791933
102,4254715
102,2171464
102,4254707
102,76273041
102,963085
102,61602262
102,1143494
102,715307
102,101215400
562,3358363
544,924937
544,9919586
544,69879251
1046,812715
544,983450
544,2331266
544,4654296
544,71886594
544,95057506
544,102659140
501,8169644
501,36006911
544,10357607
544,16150102
501,12313636
501,36006921
544,3393665
544,773410
544,2925396
544,3155983
544,5094488
544,67754235
1046,546578
1046,3156251
501,36006941
501,83305964
544,2924841
544,3106505
544,6954276
544,14494634
501,72743016
544,2101612
544,82244430
501,1133038
501,36006951
544,536481
544,3870192
544,873555
544,3037569
544,3109098
544,3599709
544,43340211
544,809142
544,4315382
1046,2293791
501,12913608
501,101369888
544,10199945
1046,3614666
501,12913598
544,3964008
544,7667343
544,12906044
1046,14458095
501,36006841
544,70257008
544,6258383
1046,624823
178,72385740
178,62319173
178,672732
178,23203511
178,68309098
178,9352433
178,71132233
178,107738854
178,116942822
178,20923061
178,105269166
178,120701958
178,136893344
178,109995026
562,17615568
544,5094483
544,14993990
544,87370649
544,676865
544,10214838
544,95342896
544,3667259
544,4195720
544,4315311
544,7216932
544,66660698
501,13111864
501,36006851
544,609244
544,1015329
544,3075942
544,95057452
1046,936899
501,102961066
544,3090874
544,3135554
544,4733116
544,7812631
544,16127275
544,3829142
544,70322140
544,71886595
1046,1143625
544,10381682
501,111780292
544,3090880
544,5935284
544,26901351
544,8175115
501,3745936
501,66614976
544,3599716
544,7463400
544,12906057
1046,471571712
501,68001506
544,994228
544,2167757
544,2505635
544,6249579
544,2447436
544,2676951
544,4195723
544,70192214
501,72743024
544,2277679
544,56867541
544,75526535
544,12713703
544,70192213
501,72743014
544,4315310
544,7789884
761,659688382
761,701281342
761,706690172
562,140443427
562,13788174
933,647596532
933,103426404
933,144572210
933,3905629
761,1171163
761,530846441
761,518482302
761,667792412
501,13111867
544,3111254
544,4637216
544,7718387
544,69879253
501,72743011
544,553840
544,12343176
544,67351460
544,835057
544,2428523
544,3571212
544,12906046
544,74506420
544,75072823
544,676186
544,2172900
544,2438123
544,3109097
544,13529560
544,58782251
544,60946208
544,95938334
1046,9997018
501,102961068
544,1151525
544,63510361
544,12906055
544,3138878
544,67238732
544,69002098
544,937334
544,75526534
544,87370651
544,95057504
544,3590186
544,88486541
544,4116819
544,4530757
544,13783332
544,67238728
544,70206836
544,70257007
544,70322134
544,97205624
544,4848220
544,12906059
544,62082981
544,2221479
544,4733117
544,60946206
544,65666677
544,66465545
544,75526546
544,2680789
544,4288421
544,25874001
544,70322130
544,72933908
178,29385541
178,69883657
178,65645285
178,1255856
178,90207389
178,937808
178,2897931
178,120922016
178,4973831
178,18199035
102,2924724
102,122691460
102,3090793
102,719948
102,4254705
102,87603085
102,101215388
102,1151611
102,3544474
102,4254708
102,14008310
102,2693369
102,3819915
102,2271506
102,70877831
102,74691354
102,120331758
102,676840
102,969494
102,847200
102,12441201
102,97078504
102,6603475
102,136127850
102,2437594
933,395223022
933,620692342
933,513360672
933,655095992
933,585387312
933,702421852
933,460988032
761,591097692
761,1036645
761,591097842
761,4709944
761,662678392
933,4217747
933,543575302
518,98614472
518,136729384
518,98614456
933,132123632
761,616963582
761,14552286
761,623723282
544,1105733
544,57988931
1046,854414
544,677232
544,3135566
544,4638049
544,13180693
544,13526117
544,13784452
501,1105736
544,2423895
544,4225284
544,4288422
544,6812360
544,10357606
544,62376286
544,1574666
544,37734411
544,61005379
544,102659134
501,72743017
544,61573287
501,12313624
501,36006861
544,12343172
544,102429966
501,104595630
544,3109105
544,3599712
544,6790816
501,12913604
501,13111869
544,710319
544,715954
544,3393923
544,52735971
544,66465544
544,67929163
544,92818790
1046,15177096
544,3590184
544,7148970
544,60774737
544,4087394
501,102335148
544,2480734
544,28123671
544,85508166
544,680518
544,3667150
544,79500790
501,98933336
544,916838
544,3098840
544,6954282
544,17490406
501,1584474
544,2498862
544,4195715
544,7143584
544,64504927
544,65732144
933,1101875012
933,542389512
933,132123630
761,906670
761,101151500
761,469425822
761,46299441
761,2638967
933,765436
933,684648052
544,3414898
544,4195713
544,16127273
501,8616228
544,12245056
544,13749629
544,16619596
544,82488708
544,3590185
544,65245760
1046,71828723
544,2676238
544,10199942
544,65732155
501,12913606
501,36006791
501,101462244
544,569214
544,3090875
544,16619600
544,67929155
544,72823271
544,77913399
1046,1125628
544,66274573
544,70206830
544,85567578
501,69197591
501,99413638
544,1574150
544,7564046
544,75072821
562,569788
562,624823
544,10064651
544,64472943
544,4195721
544,6903432
544,7564049
544,7718393
544,63510360
544,70206834
501,2791167
501,12913600
501,36006811
544,671140
544,3829146
544,4654301
544,2676952
544,16696240
544,63094576
544,87370647
544,63094574
544,913558
544,7667340
544,93088386
544,536484
544,536485
544,32332661
544,14731397
544,44300721
544,67929165
544,916829
544,2460752
544,4123694
544,13636685
544,63094581
544,68350105
1046,13712656
1046,113989356
501,904278
501,72743009
501,72743029
544,2640137
544,77349250
544,89125337
1046,92719900
501,13486216
544,5433929
544,5490694
544,6611231
544,94503006
1046,14881198
501,72743022
501,114401834
544,2680785
544,10199949
501,12913602
544,4185795
544,4848225
544,7564052
544,12343214
544,13792621
761,711031072
761,78304477
761,591097822
761,504313072
761,440248322
761,657782312
501,36006971
544,937003
544,1157915
544,4315378
544,14993991
544,66465550
1046,916334
544,983448
544,70206826
544,70257009
544,4288430
544,7718385
544,12226253
544,65414807
544,66315818
544,69962764
544,773430
544,7148968
544,10101745
544,67238733
544,71886593
544,562487
544,13277687
544,13291261
544,61002680
544,7336046
544,5570974
544,10357612
544,64232606
544,67929154
544,3307241
544,12906053
544,63094580
544,67929166
544,75072830
544,77349243
544,663452
544,3090882
544,67238740
501,109254358
544,2603555
544,14882312
544,63453552
544,73221544
544,82451646
1046,2267042
544,3135561
544,4224618
544,13783329
544,16150103
544,16619593
501,36006881
544,3824718
544,4848235
544,4288429
544,65732139
1046,81263834
933,441137192
933,503114772
128,12713703
933,1579279
933,7239813
761,581235452
761,72094495
761,626641332
761,4124057
761,2638960
761,15194531
761,700948842
761,2638935
933,542389542
933,62960815
933,7239810
544,1147902
544,2511224
544,4761586
544,12343216
501,12913611
544,12906045
544,3102130
501,11446242
544,3599710
544,4315312
544,75072826
544,83840732
1046,533609392
501,3913749
501,99526406
544,4670273
544,4761582
544,4848233
544,6258397
544,6922865
544,12713705
544,13526121
544,76576784
501,72743018
544,916840
544,13147106
544,61091554
544,2676945
544,3829148
544,4624027
544,4733120
544,13529561
544,72201009
544,89483419
544,44300771
544,70206837
501,72743015
544,959183
544,2174153
544,60946210
544,910062
544,1112991
544,3829140
544,2235310
544,2680787
544,5316991
544,3590188
544,4116809
544,6258413
544,13129175
544,85508146
544,75551473
544,7521058
544,61424047
501,94090334
544,3135336
544,4116814
544,62845529
544,663473
544,805032
544,13636688
501,65187437
544,4209072
544,5093637
544,15093502
544,16457123
544,69879254
544,70079770
544,70206840
544,85567576
544,804875
544,13842009
501,248836
501,72743019
544,3099229
544,10686934
1046,524666442
501,114206278
544,936899
544,3590189
544,4586096
544,79125311
544,82430204
501,36006831
544,2460749
544,25874041
501,10284320
501,12913603
501,76804215
544,2235299
544,25873931
544,5747708
544,16150107
544,16331228
1046,78671026
501,2375800
501,36006891
544,13548283
1046,546575
544,983457
544,1125083
1046,74126058
501,72743012
544,804834
544,71645436
544,95057474
544,3164898
544,13636684
544,13793531
501,13111870
544,938095
544,67929157
544,676183
544,954806
544,7278078
544,9919591
544,13147107
544,13636693
544,69879250
544,77875484
761,119004070
761,7163211
